title,link,meta
Optimizing your ETM meal plans to use nonperishable ingredients,https://blog.eatthismuch.com/optimizing-your-etm-meal-plans-to-use-nonperishable-ingredients/,"With the quarantine and state-wide stay-at-home orders in full swing, a lot of us are stocking up..."
Self-Quarantine Meal Planning: Thriving in Isolation,https://blog.eatthismuch.com/self-quarantine-meal-planning-thriving-in-isolation/,This post gives a general overview of foods to focus on while prepping for an extended period of isolation. For some tips...
"How 5 months of daily alcohol tracking has improved my diet, weight and overall health",https://blog.eatthismuch.com/how-5-months-of-daily-alcohol-tracking-has-improved-my-diet-weight-and-overall-health/,"This is a guest post from Nick Allen, founder of Cutback Coach. Heâ€™s built a tool to help anyone who regularly drinks..."
The new Recipe Clipper and Importer for Eat This Much,https://blog.eatthismuch.com/the-new-recipe-clipper-and-importer-for-eat-this-much/,"Today we're announcing a time-saving new feature on Eat This Much - Recipe Importing! This is a totally free feature, and everyone with an..."
1200 Calories Flexible Diet Plan,https://blog.eatthismuch.com/1200-calories-flexible-diet-plan/,"Looking for calorie specific meal plans or new recipes, check out the 7 day meal plan I created using Eat This Much Planner. The..."
1600 Calories Flexible Diet Plan,https://blog.eatthismuch.com/1600-calories-flexible-diet-plan/,"Looking for calorie specific meal plans or new recipes, check out the 7 day meal plan I created using Eat This Much Planner. The..."
1800 Calories Flexible Diet Plan,https://blog.eatthismuch.com/1800-calories-flexible-diet-plan/,"Looking for calorie specific meal plans or new recipes, check out the 7 day meal plan I created using Eat This Much Planner. The..."
2000 Calories Flexible Diet Plan,https://blog.eatthismuch.com/2000-calories-flexible-diet-plan/,"Looking for calorie specific meal plans or new recipes, check out the 7 day meal plan I created using Eat This Much Planner. The..."
2200 Calories Flexible Diet Plan,https://blog.eatthismuch.com/2200-calories-flexible-diet-plan/,"Looking for calorie specific meal plans or new recipes, check out the 7 day meal plan I created using Eat This Much Planner. The..."
2500 Calories Flexible Diet Plan,https://blog.eatthismuch.com/2500-calories-flexible-diet-plan/,"Looking for calorie specific meal plans or new recipes, check out the 7 day meal plan I created using Eat This Much Planner. The..."
